Region,Month of Period End,Median Sale Price,Median Sale Price MoM ,Median Sale Price YoY ,Homes Sold,Homes Sold MoM ,Homes Sold YoY ,New Listings,New Listings MoM ,New Listings YoY ,Inventory,Inventory MoM , Inventory YoY ,Days on Market,Days on Market MoM,Days on Market YoY,Average Sale To List,Average Sale To List MoM ,Average Sale To List YoY 
 National,Feb-19,$276K,1.30%,2.90%,"371,041",11.40%,-0.20%,"540,627",2.40%,-3.80%,"1,437,578",1.30%,8.90%,59,2,6,97.80%,0.30%,-0.30%
 National,Mar-19,$284K,2.80%,2.20%,"486,241",31.00%,-5.10%,"707,587",30.90%,-2.20%,"1,493,693",3.90%,8.40%,50,-9,5,98.10%,0.30%,-0.40%
 National,Apr-19,$290K,2.20%,3.00%,"546,481",12.40%,1.90%,"778,639",10.00%,1.70%,"1,564,769",4.80%,7.40%,42,-8,5,98.40%,0.30%,-0.40%
 National,May-19,$298K,2.90%,3.70%,"642,068",17.50%,2.80%,"830,737",6.70%,0.40%,"1,660,025",6.10%,6.40%,37,-5,4,98.60%,0.20%,-0.30%
 National,Jun-19,$303K,1.40%,3.40%,"620,446",-3.40%,-6.00%,"734,806",-11.50%,-5.10%,"1,700,719",2.50%,4.00%,36,-1,5,98.70%,0.10%,-0.30%
 National,Jul-19,$299K,-1.00%,4.10%,"633,129",2.00%,3.20%,"703,051",-4.30%,-1.00%,"1,687,473",-0.80%,1.80%,36,1,4,98.60%,-0.10%,-0.20%
 National,Aug-19,$297K,-0.90%,4.20%,"625,096",-1.30%,-0.90%,"671,614",-4.50%,-4.30%,"1,668,030",-1.20%,-0.80%,39,3,3,98.40%,-0.20%,-0.10%
 National,Sep-19,$292K,-1.50%,4.80%,"531,318",-15.00%,8.00%,"619,685",-7.70%,3.40%,"1,661,036",-0.40%,-2.60%,42,3,3,98.30%,-0.10%,0.00%
 National,Oct-19,$294K,0.50%,5.70%,"542,395",2.10%,3.60%,"604,395",-2.50%,0.50%,"1,609,405",-3.10%,-3.90%,44,2,0,98.10%,-0.10%,0.10%
 National,Nov-19,$295K,0.30%,5.40%,"479,643",-11.60%,0.90%,"436,813",-27.70%,-5.00%,"1,471,137",-8.60%,-6.50%,45,1,-1,98.10%,-0.10%,0.20%
 National,Dec-19,$296K,0.50%,6.40%,"510,280",6.40%,15.70%,"320,590",-26.60%,1.80%,"1,271,848",-13.50%,-9.40%,50,5,-1,98.00%,-0.10%,0.20%
 National,Jan-20,$290K,-2.00%,6.50%,"377,642",-26.00%,13.30%,"527,864",64.70%,0.00%,"1,265,918",-0.50%,-10.80%,57,6,-1,97.70%,-0.20%,0.30%
 National,Feb-20,$294K,1.30%,6.50%,"404,751",7.20%,9.10%,"581,027",10.10%,7.50%,"1,283,461",1.40%,-10.70%,56,-1,-3,98.10%,0.40%,0.30%
 National,Mar-20,$303K,3.20%,6.80%,"506,045",25.00%,4.10%,"662,606",14.00%,-6.40%,"1,339,815",4.40%,-10.30%,44,-12,-6,98.60%,0.50%,0.50%
 National,Apr-20,$304K,0.20%,4.80%,"436,316",-13.80%,-20.20%,"471,217",-28.90%,-39.50%,"1,323,143",-1.20%,-15.40%,36,-8,-6,98.80%,0.20%,0.40%
 National,May-20,$299K,-1.60%,0.30%,"422,251",-3.20%,-34.20%,"635,815",34.90%,-23.50%,"1,319,903",-0.20%,-20.50%,39,3,2,98.50%,-0.30%,-0.10%
 National,Jun-20,$311K,3.90%,2.70%,"588,222",39.30%,-5.20%,"714,655",12.40%,-2.70%,"1,260,116",-4.50%,-25.90%,39,1,4,98.70%,0.20%,0.00%
 National,Jul-20,$323K,3.90%,7.90%,"704,468",19.80%,11.30%,"756,212",5.80%,7.60%,"1,224,569",-2.80%,-27.40%,35,-4,-1,99.00%,0.30%,0.50%
 National,Aug-20,$329K,1.80%,10.80%,"667,335",-5.30%,6.80%,"714,626",-5.50%,6.40%,"1,178,769",-3.70%,-29.30%,32,-3,-7,99.20%,0.20%,0.80%
 National,Sep-20,$332K,1.10%,13.80%,"664,525",-0.40%,25.10%,"699,904",-2.10%,12.90%,"1,155,359",-2.00%,-30.40%,30,-2,-12,99.40%,0.20%,1.20%
 National,Oct-20,$335K,0.90%,14.20%,"676,431",1.80%,24.70%,"684,378",-2.20%,13.20%,"1,121,052",-3.00%,-30.30%,29,-1,-15,99.50%,0.10%,1.40%
 National,Nov-20,$334K,-0.40%,13.40%,"585,624",-13.40%,22.10%,"492,625",-28.00%,12.80%,"997,775",-11.00%,-32.20%,28,-1,-17,99.50%,0.00%,1.50%
 National,Dec-20,$333K,-0.20%,12.60%,"631,104",7.80%,23.70%,"393,581",-20.10%,22.80%,"834,982",-16.30%,-34.30%,31,3,-19,99.40%,-0.20%,1.40%
 National,Jan-21,$330K,-0.90%,13.90%,"433,352",-31.30%,14.80%,"495,674",25.90%,-6.10%,"779,255",-6.70%,-38.40%,35,3,-22,99.30%,-0.10%,1.60%
 National,Feb-21,$337K,1.90%,14.60%,"438,278",1.10%,8.30%,"505,643",2.00%,-13.00%,"733,384",-5.90%,-42.90%,33,-1,-23,99.80%,0.40%,1.70%
 National,Mar-21,$354K,5.20%,16.80%,"588,563",34.30%,16.30%,"700,386",38.50%,5.70%,"728,420",-0.70%,-45.60%,26,-7,-18,100.60%,0.80%,2.00%
 National,Apr-21,$370K,4.50%,21.80%,"622,078",5.70%,42.60%,"759,864",8.50%,61.30%,"785,750",7.90%,-40.60%,19,-7,-16,101.50%,1.00%,2.80%
 National,May-21,$377K,1.80%,25.90%,"629,267",1.20%,49.00%,"741,292",-2.40%,16.60%,"806,642",2.70%,-38.90%,16,-3,-22,102.20%,0.60%,3.70%
 National,Jun-21,$387K,2.80%,24.60%,"726,571",15.50%,23.50%,"808,561",9.10%,13.10%,"879,298",9.00%,-30.20%,15,-1,-25,102.50%,0.30%,3.80%
 National,Jul-21,$385K,-0.60%,19.10%,"677,784",-6.70%,-3.80%,"793,939",-1.80%,5.00%,"976,294",11.00%,-20.30%,15,0,-20,102.30%,-0.30%,3.20%
 National,Aug-21,$381K,-0.90%,16.00%,"670,999",-1.00%,0.50%,"717,668",-9.60%,0.40%,"969,334",-0.70%,-17.80%,17,2,-15,101.60%,-0.60%,2.40%
 National,Sep-21,$377K,-1.10%,13.50%,"637,428",-5.00%,-4.10%,"677,068",-5.70%,-3.30%,"974,624",0.50%,-15.60%,19,2,-11,101.00%,-0.60%,1.60%
 National,Oct-21,$380K,0.70%,13.30%,"612,453",-3.90%,-9.50%,"620,911",-8.30%,-9.30%,"923,068",-5.30%,-17.70%,21,2,-8,100.70%,-0.30%,1.20%
 National,Nov-21,$384K,1.00%,14.90%,"591,503",-3.40%,1.00%,"487,359",-21.50%,-1.10%,"795,790",-13.80%,-20.20%,23,2,-5,100.60%,-0.10%,1.10%
 National,Dec-21,$383K,-0.10%,15.00%,"596,341",0.80%,-5.50%,"365,252",-25.10%,-7.20%,"646,084",-18.80%,-22.60%,25,2,-6,100.50%,-0.10%,1.10%
 National,Jan-22,$377K,-1.60%,14.20%,"415,053",-30.40%,-4.20%,"455,488",24.70%,-8.10%,"623,370",-3.50%,-20.00%,27,2,-7,100.40%,-0.10%,1.10%
 National,Feb-22,$391K,3.60%,16.10%,"419,147",1.00%,-4.40%,"509,735",11.90%,0.80%,"640,381",2.70%,-12.70%,26,-1,-8,101.30%,0.80%,1.50%
 National,Mar-22,$414K,6.00%,17.00%,"551,774",31.60%,-6.30%,"683,164",34.00%,-2.50%,"698,628",9.10%,-4.10%,21,-5,-5,102.40%,1.20%,1.80%
 National,Apr-22,$426K,2.70%,15.00%,"553,619",0.30%,-11.00%,"713,294",4.40%,-6.10%,"800,376",14.60%,1.90%,18,-3,-2,103.10%,0.70%,1.60%
 National,May-22,$432K,1.50%,14.70%,"592,365",7.00%,-5.90%,"760,776",6.70%,2.60%,"919,601",14.90%,14.00%,17,-1,1,103.10%,0.00%,0.90%
 National,Jun-22,$429K,-0.80%,10.70%,"616,607",4.10%,-15.10%,"808,002",6.20%,-0.10%,"1,109,696",20.70%,26.20%,18,1,3,102.30%,-0.80%,-0.30%
 National,Jul-22,$414K,-3.30%,7.60%,"526,859",-14.60%,-22.30%,"690,594",-14.50%,-13.00%,"1,221,257",10.10%,25.10%,21,3,6,101.00%,-1.20%,-1.20%
 National,Aug-22,$408K,-1.50%,7.00%,"554,909",5.30%,-17.30%,"608,495",-11.90%,-15.20%,"1,205,070",-1.30%,24.30%,27,5,9,99.90%,-1.10%,-1.70%
 National,Sep-22,$404K,-1.00%,7.00%,"499,943",-9.90%,-21.60%,"556,423",-8.60%,-17.80%,"1,224,911",1.60%,25.70%,32,6,13,99.30%,-0.60%,-1.80%
 National,Oct-22,$400K,-0.90%,5.20%,"437,965",-12.40%,-28.50%,"482,543",-13.30%,-22.30%,"1,203,863",-1.70%,30.40%,35,3,14,98.90%,-0.40%,-1.90%
 National,Nov-22,$394K,-1.50%,2.60%,"384,142",-12.30%,-35.10%,"374,034",-22.50%,-23.30%,"1,120,896",-6.90%,40.90%,38,3,15,98.50%,-0.40%,-2.20%
 National,Dec-22,$388K,-1.60%,1.10%,"383,766",-0.10%,-35.60%,"270,382",-27.70%,-26.00%,"973,822",-13.10%,50.70%,44,7,20,98.10%,-0.40%,-2.40%
 National,Jan-23,$382K,-1.40%,1.30%,"277,226",-27.80%,-33.20%,"386,770",43.00%,-15.10%,"936,691",-3.80%,50.30%,52,7,24,97.80%,-0.20%,-2.60%
 National,Feb-23,$387K,1.10%,-1.10%,"328,291",18.40%,-21.70%,"404,324",4.50%,-20.70%,"898,303",-4.10%,40.30%,52,1,27,98.20%,0.40%,-3.00%
 National,Mar-23,$400K,3.60%,-3.30%,"446,134",35.90%,-19.10%,"535,732",32.50%,-21.60%,"893,372",-0.50%,27.90%,44,-9,23,98.90%,0.60%,-3.60%
 National,Apr-23,$408K,1.90%,-4.10%,"408,624",-8.40%,-26.20%,"506,412",-5.50%,-29.00%,"861,034",-3.60%,7.60%,36,-8,18,99.50%,0.60%,-3.60%
"Boston, MA metro area",Feb-19,$455K,-3.80%,3.40%,"2,480",-10.30%,14.80%,"3,987",4.40%,-4.90%,"7,217",2.40%,25.90%,39,5,10,98.40%,-0.10%,-0.90%
"Boston, MA metro area",Mar-19,$475K,4.40%,2.20%,"3,311",33.50%,3.80%,"5,990",50.20%,12.90%,"7,875",9.10%,32.70%,23,-16,6,99.30%,0.90%,-0.80%
"Boston, MA metro area",Apr-19,$485K,2.10%,0.20%,"3,795",14.60%,4.60%,"7,131",19.00%,-3.20%,"8,899",13.00%,16.50%,14,-9,4,99.80%,0.50%,-1.20%
"Boston, MA metro area",May-19,$520K,7.20%,5.10%,"5,009",32.00%,8.30%,"8,369",17.40%,-0.10%,"10,517",18.20%,15.20%,11,-3,2,100.30%,0.50%,-1.10%
"Boston, MA metro area",Jun-19,$530K,1.90%,3.20%,"5,733",14.50%,-9.50%,"6,628",-20.80%,-4.20%,"12,242",16.40%,29.90%,10,-1,1,100.40%,0.10%,-0.90%
"Boston, MA metro area",Jul-19,$530K,0.00%,2.90%,"5,753",0.30%,-1.40%,"5,009",-24.40%,-5.30%,"11,295",-7.70%,24.00%,15,5,6,100.20%,-0.20%,-0.90%
"Boston, MA metro area",Aug-19,$515K,-2.80%,3.00%,"5,761",0.10%,-5.30%,"4,472",-10.70%,-11.20%,"10,378",-8.10%,15.00%,23,8,10,99.80%,-0.40%,-0.50%
"Boston, MA metro area",Sep-19,$490K,-4.90%,4.30%,"4,195",-27.20%,4.60%,"6,548",46.40%,0.20%,"11,893",14.60%,11.30%,27,4,10,99.50%,-0.30%,-0.30%
"Boston, MA metro area",Oct-19,$485K,-1.00%,3.20%,"4,325",3.10%,0.00%,"5,340",-18.40%,-5.00%,"11,221",-5.70%,5.00%,27,0,11,99.40%,-0.10%,-0.30%
"Boston, MA metro area",Nov-19,$491K,1.30%,3.40%,"4,117",-4.80%,-8.90%,"2,912",-45.50%,-16.90%,"8,799",-21.60%,-4.10%,27,0,10,99.40%,0.00%,0.00%
"Boston, MA metro area",Dec-19,$500K,1.80%,9.40%,"4,422",7.40%,17.80%,"1,603",-45.00%,-4.90%,"6,180",-29.80%,-12.30%,34,7,11,99.00%,-0.40%,0.10%
"Boston, MA metro area",Jan-20,$505K,1.00%,6.80%,"3,054",-30.90%,10.50%,"3,330",107.70%,-12.80%,"6,367",3.00%,-9.70%,42,8,8,98.60%,-0.40%,0.10%
"Boston, MA metro area",Feb-20,$498K,-1.30%,9.50%,"2,422",-20.70%,-2.30%,"4,520",35.70%,13.40%,"7,156",12.40%,-0.80%,48,6,9,99.00%,0.30%,0.50%
"Boston, MA metro area",Mar-20,$521K,4.60%,9.70%,"3,238",33.70%,-2.20%,"5,256",16.30%,-12.30%,"7,407",3.50%,-5.90%,25,-23,2,100.10%,1.10%,0.80%
"Boston, MA metro area",Apr-20,$538K,3.20%,10.90%,"3,201",-1.10%,-15.70%,"3,293",-37.30%,-53.80%,"7,560",2.10%,-15.00%,20,-5,6,100.50%,0.40%,0.70%
"Boston, MA metro area",May-20,$530K,-1.50%,1.90%,"3,103",-3.10%,-38.10%,"5,575",69.30%,-33.40%,"8,617",14.00%,-18.10%,21,1,10,99.80%,-0.70%,-0.50%
"Boston, MA metro area",Jun-20,$540K,1.90%,1.90%,"4,129",33.10%,-28.00%,"6,870",23.20%,3.70%,"9,019",4.70%,-26.30%,22,1,12,99.90%,0.10%,-0.40%
"Boston, MA metro area",Jul-20,$555K,2.80%,4.70%,"5,495",33.10%,-4.50%,"6,425",-6.50%,28.30%,"8,987",-0.40%,-20.40%,20,-2,5,100.60%,0.70%,0.40%
"Boston, MA metro area",Aug-20,$569K,2.50%,10.50%,"5,556",1.10%,-3.60%,"5,792",-9.90%,29.50%,"8,493",-5.50%,-18.20%,21,1,-2,100.90%,0.30%,1.10%
"Boston, MA metro area",Sep-20,$560K,-1.60%,14.30%,"5,235",-5.80%,24.80%,"6,883",18.80%,5.10%,"9,477",11.60%,-20.30%,20,-1,-7,101.10%,0.20%,1.60%
"Boston, MA metro area",Oct-20,$550K,-1.80%,13.40%,"5,264",0.60%,21.70%,"6,231",-9.50%,16.70%,"9,352",-1.30%,-16.70%,20,0,-7,101.20%,0.20%,1.80%
"Boston, MA metro area",Nov-20,$550K,0.00%,12.00%,"4,667",-11.30%,13.40%,"3,633",-41.70%,24.80%,"7,425",-20.60%,-15.60%,21,1,-6,101.40%,0.20%,2.00%
"Boston, MA metro area",Dec-20,$550K,0.00%,10.00%,"5,293",13.40%,19.70%,"2,267",-37.60%,41.40%,"5,095",-31.40%,-17.60%,22,1,-12,100.80%,-0.60%,1.80%
"Boston, MA metro area",Jan-21,$558K,1.40%,10.40%,"3,392",-35.90%,11.10%,"3,348",47.70%,0.50%,"5,212",2.30%,-18.10%,24,2,-18,100.50%,-0.30%,1.90%
"Boston, MA metro area",Feb-21,$550K,-1.40%,10.40%,"2,581",-23.90%,6.60%,"3,833",14.50%,-15.20%,"5,123",-1.70%,-28.40%,27,3,-21,100.40%,0.00%,1.50%
"Boston, MA metro area",Mar-21,$577K,5.00%,10.80%,"3,656",41.70%,12.90%,"6,215",62.10%,18.20%,"5,674",10.80%,-23.40%,20,-7,-5,102.10%,1.70%,2.10%
"Boston, MA metro area",Apr-21,$601K,4.10%,11.70%,"4,291",17.40%,34.10%,"6,970",12.10%,111.70%,"6,555",15.50%,-13.30%,19,-1,-1,103.20%,1.00%,2.70%
"Boston, MA metro area",May-21,$620K,3.20%,17.00%,"4,882",13.80%,57.30%,"6,126",-12.10%,9.90%,"6,183",-5.70%,-28.20%,18,-1,-3,104.20%,1.00%,4.40%
"Boston, MA metro area",Jun-21,$650K,4.80%,20.40%,"6,436",31.80%,55.90%,"7,524",22.80%,9.50%,"7,061",14.20%,-21.70%,17,-1,-5,105.10%,0.90%,5.20%
"Boston, MA metro area",Jul-21,$635K,-2.30%,14.40%,"5,894",-8.40%,7.30%,"5,612",-25.40%,-12.70%,"7,163",1.40%,-20.30%,18,1,-2,104.50%,-0.60%,3.90%
"Boston, MA metro area",Aug-21,$625K,-1.60%,9.80%,"5,701",-3.30%,2.60%,"4,992",-11.00%,-13.80%,"6,592",-8.00%,-22.40%,19,1,-2,103.60%,-0.90%,2.70%
"Boston, MA metro area",Sep-21,$605K,-3.20%,8.00%,"5,130",-10.00%,-2.00%,"6,593",32.10%,-4.20%,"7,919",20.10%,-16.40%,20,1,0,102.80%,-0.70%,1.80%
"Boston, MA metro area",Oct-21,$600K,-0.80%,9.10%,"4,453",-13.20%,-15.40%,"4,776",-27.60%,-23.40%,"6,902",-12.80%,-26.20%,20,0,0,102.30%,-0.50%,1.10%
"Boston, MA metro area",Nov-21,$610K,1.70%,10.90%,"4,767",7.10%,2.10%,"3,452",-27.70%,-5.00%,"5,143",-25.50%,-30.70%,20,0,-1,102.20%,-0.10%,0.80%
"Boston, MA metro area",Dec-21,$620K,1.60%,12.70%,"4,902",2.80%,-7.40%,"1,870",-45.80%,-17.50%,"3,232",-37.20%,-36.60%,21,1,-1,102.00%,-0.20%,1.20%
"Boston, MA metro area",Jan-22,$597K,-3.70%,7.00%,"3,072",-37.30%,-9.40%,"2,765",47.90%,-17.40%,"3,348",3.60%,-35.80%,22,1,-2,101.60%,-0.40%,1.10%
"Boston, MA metro area",Feb-22,$595K,-0.30%,8.20%,"2,213",-28.00%,-14.30%,"3,490",26.20%,-8.90%,"3,570",6.60%,-30.30%,22,0,-5,102.40%,0.80%,2.00%
"Boston, MA metro area",Mar-22,$637K,7.10%,10.40%,"3,228",45.90%,-11.70%,"5,945",70.30%,-4.30%,"4,850",35.90%,-14.50%,19,-3,-1,104.30%,1.90%,2.20%
"Boston, MA metro area",Apr-22,$675K,5.90%,12.30%,"3,618",12.10%,-15.70%,"5,941",-0.10%,-14.80%,"5,608",15.60%,-14.40%,17,-2,-2,105.60%,1.30%,2.40%
"Boston, MA metro area",May-22,$690K,2.20%,11.30%,"4,515",24.80%,-7.50%,"6,354",7.00%,3.70%,"6,012",7.20%,-2.80%,16,-1,-2,106.30%,0.70%,2.10%
"Boston, MA metro area",Jun-22,$705K,2.20%,8.50%,"5,715",26.60%,-11.20%,"6,797",7.00%,-9.70%,"7,216",20.00%,2.20%,16,0,-1,105.90%,-0.40%,0.80%
"Boston, MA metro area",Jul-22,$686K,-2.70%,8.00%,"4,602",-19.50%,-21.90%,"4,799",-29.40%,-14.50%,"7,290",1.00%,1.80%,18,2,0,104.10%,-1.80%,-0.30%
"Boston, MA metro area",Aug-22,$675K,-1.60%,8.00%,"4,877",6.00%,-14.50%,"3,969",-17.30%,-20.50%,"6,383",-12.40%,-3.20%,20,2,1,102.20%,-2.00%,-1.40%
"Boston, MA metro area",Sep-22,$650K,-3.70%,7.40%,"4,023",-17.50%,-21.60%,"5,149",29.70%,-21.90%,"7,305",14.40%,-7.80%,21,1,1,101.30%,-0.80%,-1.50%
"Boston, MA metro area",Oct-22,$630K,-3.10%,5.00%,"3,433",-14.70%,-22.90%,"3,889",-24.50%,-18.60%,"6,908",-5.40%,0.10%,21,0,1,100.70%,-0.60%,-1.60%
"Boston, MA metro area",Nov-22,$643K,2.00%,5.30%,"3,319",-3.30%,-30.40%,"2,804",-27.90%,-18.80%,"5,763",-16.60%,12.10%,22,1,2,100.40%,-0.30%,-1.80%
"Boston, MA metro area",Dec-22,$605K,-5.80%,-2.40%,"3,283",-1.10%,-33.00%,"1,286",-54.10%,-31.20%,"4,012",-30.40%,24.10%,25,3,4,99.60%,-0.80%,-2.40%
"Boston, MA metro area",Jan-23,$614K,1.50%,2.80%,"2,165",-34.10%,-29.50%,"2,449",90.40%,-11.40%,"4,055",1.10%,21.10%,32,7,10,99.10%,-0.40%,-2.50%
"Boston, MA metro area",Feb-23,$598K,-2.60%,0.50%,"1,823",-15.80%,-17.60%,"2,649",8.20%,-24.10%,"3,881",-4.30%,8.70%,31,-1,9,99.60%,0.50%,-2.80%
"Boston, MA metro area",Mar-23,$650K,8.70%,2.00%,"2,659",45.90%,-17.60%,"4,404",66.30%,-25.90%,"4,813",24.00%,-0.80%,22,-9,3,100.70%,1.10%,-3.60%
"Boston, MA metro area",Apr-23,$670K,3.10%,-0.70%,"2,535",-4.70%,-29.90%,"4,064",-7.70%,-31.60%,"4,895",1.70%,-12.70%,19,-3,2,102.20%,1.50%,-3.40%
"Chicago, IL metro area",Feb-19,$233K,3.30%,1.10%,"4,918",6.70%,-3.40%,"10,208",32.50%,-1.30%,"24,910",7.70%,6.50%,70,8,6,96.80%,0.30%,-0.10%
"Chicago, IL metro area",Mar-19,$243K,4.50%,-0.80%,"6,959",41.50%,-10.70%,"13,412",31.40%,-2.00%,"27,167",9.10%,9.00%,56,-14,9,97.30%,0.50%,0.00%
"Chicago, IL metro area",Apr-19,$255K,4.90%,1.00%,"8,576",23.20%,-5.80%,"14,557",8.50%,1.50%,"29,402",8.20%,9.60%,35,-21,4,97.50%,0.20%,-0.20%
"Chicago, IL metro area",May-19,$262K,2.70%,2.70%,"10,340",20.60%,-2.40%,"14,265",-2.00%,-1.90%,"31,214",6.20%,8.50%,30,-5,4,97.70%,0.20%,-0.10%
"Chicago, IL metro area",Jun-19,$266K,1.30%,0.20%,"10,122",-2.10%,-11.00%,"12,735",-10.70%,-3.40%,"32,468",4.00%,7.40%,29,-1,2,97.70%,0.00%,-0.30%
"Chicago, IL metro area",Jul-19,$262K,-1.30%,2.70%,"9,951",-1.70%,1.40%,"11,765",-7.60%,-3.70%,"32,842",1.20%,5.40%,32,3,3,97.50%,-0.20%,-0.30%
"Chicago, IL metro area",Aug-19,$255K,-2.70%,4.10%,"9,392",-5.60%,-5.80%,"10,816",-8.10%,-3.70%,"32,859",0.10%,5.10%,37,5,5,97.40%,-0.10%,0.00%
"Chicago, IL metro area",Sep-19,$244K,-4.40%,1.60%,"7,606",-19.00%,1.90%,"10,051",-7.10%,-0.30%,"32,759",-0.30%,3.50%,41,4,5,97.20%,-0.20%,0.00%
"Chicago, IL metro area",Oct-19,$240K,-1.50%,3.40%,"7,754",1.90%,-1.60%,"9,075",-9.70%,-2.80%,"31,196",-4.80%,3.10%,48,7,7,97.00%,-0.20%,-0.10%
"Chicago, IL metro area",Nov-19,$242K,0.70%,2.90%,"6,530",-15.80%,-7.20%,"5,792",-36.20%,-6.90%,"27,330",-12.40%,1.20%,50,2,3,96.80%,-0.20%,-0.10%
"Chicago, IL metro area",Dec-19,$240K,-0.70%,4.80%,"6,891",5.50%,14.10%,"4,418",-23.70%,7.20%,"23,248",-14.90%,0.40%,55,5,1,96.70%,-0.10%,0.10%
"Chicago, IL metro area",Jan-20,$234K,-2.50%,4.00%,"5,117",-25.70%,11.00%,"8,307",88.00%,7.80%,"23,082",-0.70%,-0.20%,65,10,3,96.50%,-0.30%,0.00%
"Chicago, IL metro area",Feb-20,$242K,3.50%,4.20%,"5,260",2.80%,7.00%,"11,031",32.80%,8.10%,"23,634",2.40%,-5.10%,72,7,2,96.80%,0.30%,0.00%
"Chicago, IL metro area",Mar-20,$265K,9.40%,9.10%,"7,201",36.90%,3.50%,"10,984",-0.40%,-18.10%,"24,050",1.80%,-11.50%,47,-25,-9,97.50%,0.70%,0.20%
"Chicago, IL metro area",Apr-20,$275K,3.80%,7.80%,"7,221",0.30%,-15.80%,"6,891",-37.30%,-52.70%,"23,371",-2.80%,-20.50%,25,-22,-10,97.70%,0.20%,0.20%
"Chicago, IL metro area",May-20,$265K,-3.60%,1.10%,"6,346",-12.10%,-38.60%,"10,196",48.00%,-28.50%,"23,006",-1.60%,-26.30%,28,3,-2,97.30%,-0.50%,-0.40%
"Chicago, IL metro area",Jun-20,$269K,1.50%,1.30%,"8,088",27.50%,-20.10%,"12,946",27.00%,1.70%,"22,803",-0.90%,-29.80%,30,2,1,97.40%,0.10%,-0.30%
"Chicago, IL metro area",Jul-20,$280K,4.10%,6.90%,"10,875",34.50%,9.30%,"13,642",5.40%,16.00%,"23,163",1.60%,-29.50%,24,-6,-8,97.90%,0.50%,0.30%
"Chicago, IL metro area",Aug-20,$285K,1.80%,11.80%,"11,047",1.60%,17.60%,"12,858",-5.70%,18.90%,"23,204",0.20%,-29.40%,21,-3,-16,98.00%,0.10%,0.60%
"Chicago, IL metro area",Sep-20,$277K,-3.00%,13.40%,"10,310",-6.70%,35.60%,"12,130",-5.70%,20.70%,"23,506",1.30%,-28.20%,20,-1,-21,98.20%,0.20%,0.90%
"Chicago, IL metro area",Oct-20,$275K,-0.50%,14.60%,"10,409",1.00%,34.20%,"10,656",-12.20%,17.40%,"22,634",-3.70%,-27.40%,19,-1,-29,98.20%,0.00%,1.20%
"Chicago, IL metro area",Nov-20,$270K,-1.80%,11.70%,"8,337",-19.90%,27.70%,"7,083",-33.50%,22.30%,"19,849",-12.30%,-27.40%,20,1,-30,98.10%,-0.10%,1.30%
"Chicago, IL metro area",Dec-20,$269K,-0.40%,12.10%,"9,118",9.40%,32.30%,"5,332",-24.70%,20.70%,"16,559",-16.60%,-28.80%,23,3,-32,98.10%,-0.10%,1.30%
"Chicago, IL metro area",Jan-21,$270K,0.40%,15.40%,"6,163",-32.40%,20.40%,"8,119",52.30%,-2.30%,"15,322",-7.50%,-33.60%,32,9,-33,98.00%,-0.10%,1.50%
"Chicago, IL metro area",Feb-21,$275K,1.80%,13.50%,"6,075",-1.40%,15.50%,"8,834",8.80%,-19.90%,"14,438",-5.80%,-38.90%,36,4,-36,98.10%,0.10%,1.30%
"Chicago, IL metro area",Mar-21,$300K,9.10%,13.20%,"9,303",53.10%,29.20%,"13,570",53.60%,23.50%,"14,777",2.30%,-38.60%,24,-12,-23,98.70%,0.70%,1.20%
"Chicago, IL metro area",Apr-21,$312K,4.00%,13.50%,"10,479",12.60%,45.10%,"14,717",8.50%,113.60%,"16,477",11.50%,-29.50%,13,-11,-12,99.40%,0.70%,1.70%
"Chicago, IL metro area",May-21,$315K,1.00%,18.90%,"10,895",4.00%,71.70%,"13,994",-4.90%,37.20%,"17,574",6.70%,-23.60%,9,-4,-19,100.00%,0.60%,2.70%
"Chicago, IL metro area",Jun-21,$320K,1.60%,19.00%,"13,025",19.60%,61.00%,"15,031",7.40%,16.10%,"19,895",13.20%,-12.80%,8,-1,-22,100.30%,0.30%,2.90%
"Chicago, IL metro area",Jul-21,$312K,-2.50%,11.40%,"11,698",-10.20%,7.60%,"13,926",-7.40%,2.10%,"21,480",8.00%,-7.30%,10,2,-14,100.10%,-0.20%,2.20%
"Chicago, IL metro area",Aug-21,$305K,-2.20%,7.00%,"11,195",-4.30%,1.30%,"12,113",-13.00%,-5.80%,"21,202",-1.30%,-8.60%,13,3,-8,99.70%,-0.30%,1.70%
"Chicago, IL metro area",Sep-21,$294K,-3.70%,6.20%,"9,951",-11.10%,-3.50%,"11,471",-5.30%,-5.40%,"21,169",-0.20%,-9.90%,15,2,-5,99.20%,-0.50%,1.00%
"Chicago, IL metro area",Oct-21,$293K,-0.30%,6.50%,"9,560",-3.90%,-8.20%,"9,868",-14.00%,-7.40%,"19,515",-7.80%,-13.80%,19,4,0,99.00%,-0.20%,0.80%
"Chicago, IL metro area",Nov-21,$293K,0.00%,8.50%,"8,959",-6.30%,7.50%,"7,156",-27.50%,1.00%,"16,865",-13.60%,-15.00%,22,3,2,98.70%,-0.20%,0.60%
"Chicago, IL metro area",Dec-21,$290K,-1.00%,7.80%,"9,125",1.90%,0.10%,"4,789",-33.10%,-10.20%,"14,449",-14.30%,-12.70%,25,3,2,98.70%,-0.10%,0.60%
"Chicago, IL metro area",Jan-22,$290K,0.00%,7.40%,"6,338",-30.50%,2.80%,"7,496",56.50%,-7.70%,"17,638",22.10%,15.10%,32,7,0,98.30%,-0.30%,0.30%
"Chicago, IL metro area",Feb-22,$292K,0.50%,6.00%,"6,181",-2.50%,1.70%,"9,090",21.30%,2.90%,"21,242",20.40%,47.10%,51,19,15,98.90%,0.60%,0.90%
"Chicago, IL metro area",Mar-22,$310K,6.30%,3.30%,"8,777",42.00%,-5.70%,"12,352",35.90%,-9.00%,"23,345",9.90%,58.00%,52,1,28,99.80%,0.90%,1.10%
"Chicago, IL metro area",Apr-22,$327K,5.50%,4.80%,"9,495",8.20%,-9.40%,"12,426",0.60%,-15.60%,"24,968",7.00%,51.50%,48,-4,35,100.60%,0.80%,1.20%
"Chicago, IL metro area",May-22,$329K,0.60%,4.40%,"10,187",7.30%,-6.50%,"12,773",2.80%,-8.70%,"26,220",5.00%,49.20%,48,0,39,101.10%,0.40%,1.10%
"Chicago, IL metro area",Jun-22,$340K,3.30%,6.30%,"11,002",8.00%,-15.50%,"13,084",2.40%,-13.00%,"27,238",3.90%,36.90%,48,0,40,101.00%,-0.10%,0.70%
"Chicago, IL metro area",Jul-22,$325K,-4.40%,4.20%,"8,942",-18.70%,-23.60%,"10,740",-17.90%,-22.90%,"27,565",1.20%,28.30%,49,1,39,100.20%,-0.80%,0.10%
"Chicago, IL metro area",Aug-22,$310K,-4.60%,1.60%,"8,978",0.40%,-19.80%,"9,269",-13.70%,-23.50%,"25,999",-5.70%,22.60%,53,4,40,99.30%,-0.90%,-0.40%
"Chicago, IL metro area",Sep-22,$305K,-1.60%,3.80%,"7,866",-12.40%,-21.00%,"8,539",-7.90%,-25.60%,"25,127",-3.40%,18.70%,57,4,42,98.70%,-0.60%,-0.50%
"Chicago, IL metro area",Oct-22,$300K,-1.60%,2.40%,"6,568",-16.50%,-31.30%,"7,175",-16.00%,-27.30%,"23,661",-5.80%,21.20%,61,4,42,98.30%,-0.30%,-0.60%
"Chicago, IL metro area",Nov-22,$294K,-2.00%,0.30%,"5,832",-11.20%,-34.90%,"5,257",-26.70%,-26.50%,"21,134",-10.70%,25.30%,60,-1,38,98.00%,-0.30%,-0.70%
"Chicago, IL metro area",Dec-22,$285K,-3.10%,-1.70%,"5,533",-5.10%,-39.40%,"3,432",-34.70%,-28.30%,"17,282",-18.20%,19.60%,64,4,39,97.80%,-0.20%,-0.90%
"Chicago, IL metro area",Jan-23,$285K,0.00%,-1.70%,"3,860",-30.20%,-39.10%,"5,677",65.40%,-24.30%,"17,680",2.30%,0.20%,76,12,44,97.50%,-0.20%,-0.80%
"Chicago, IL metro area",Feb-23,$290K,1.80%,-0.50%,"4,290",11.10%,-30.60%,"6,437",13.40%,-29.20%,"18,468",4.50%,-13.10%,75,-1,24,97.90%,0.40%,-1.00%
"Chicago, IL metro area",Mar-23,$308K,6.00%,-0.80%,"6,796",58.40%,-22.60%,"8,434",31.00%,-31.70%,"18,308",-0.90%,-21.60%,57,-18,5,98.80%,0.90%,-1.10%
"Chicago, IL metro area",Apr-23,$320K,4.10%,-2.10%,"6,605",-2.80%,-30.40%,"7,924",-6.00%,-36.20%,"18,116",-1.00%,-27.40%,51,-6,3,99.50%,0.70%,-1.20%
"Los Angeles, CA metro area",Feb-19,$602K,1.20%,0.80%,"3,864",1.90%,-9.80%,"6,298",-7.10%,-13.40%,"18,185",4.60%,27.60%,59,0,18,98.80%,0.30%,-1.10%
"Los Angeles, CA metro area",Mar-19,$625K,3.80%,3.70%,"5,344",38.30%,-15.10%,"7,656",21.60%,-3.60%,"18,662",2.60%,27.20%,51,-8,15,99.00%,0.20%,-1.40%
"Los Angeles, CA metro area",Apr-19,$626K,0.20%,2.60%,"5,974",11.80%,0.40%,"8,207",7.20%,-4.20%,"19,297",3.40%,21.50%,48,-3,14,99.30%,0.30%,-1.20%
"Los Angeles, CA metro area",May-19,$630K,0.60%,0.00%,"6,564",9.90%,-1.30%,"8,673",5.70%,-2.20%,"19,812",2.70%,17.80%,45,-3,11,99.50%,0.30%,-0.90%
"Los Angeles, CA metro area",Jun-19,$638K,1.30%,0.50%,"6,268",-4.50%,-10.10%,"7,871",-9.20%,-9.80%,"20,058",1.20%,13.30%,45,0,9,99.60%,0.10%,-0.70%
"Los Angeles, CA metro area",Jul-19,$650K,1.90%,3.50%,"6,476",3.30%,0.30%,"7,898",0.30%,-5.40%,"19,915",-0.70%,8.10%,46,1,10,99.40%,-0.20%,-0.70%
"Los Angeles, CA metro area",Aug-19,$640K,-1.50%,1.70%,"6,592",1.80%,-3.90%,"7,366",-6.70%,-11.60%,"19,080",-4.20%,1.10%,47,1,9,99.40%,0.00%,-0.60%
"Los Angeles, CA metro area",Sep-19,$641K,0.20%,4.20%,"5,742",-12.90%,11.10%,"7,148",-3.00%,-3.50%,"18,899",-0.90%,-3.60%,49,2,8,99.50%,0.10%,-0.10%
"Los Angeles, CA metro area",Oct-19,$645K,0.60%,4.90%,"6,201",8.00%,6.50%,"6,790",-5.00%,-9.90%,"17,892",-5.30%,-9.50%,49,0,5,99.40%,-0.10%,0.00%
"Los Angeles, CA metro area",Nov-19,$640K,-0.80%,2.40%,"5,462",-11.90%,8.20%,"4,880",-28.10%,-16.20%,"15,965",-10.80%,-15.20%,48,-1,3,99.50%,0.20%,0.40%
"Los Angeles, CA metro area",Dec-19,$650K,1.60%,8.00%,"5,686",4.10%,17.40%,"3,275",-32.90%,-4.80%,"12,491",-21.80%,-22.60%,53,5,2,99.30%,-0.30%,0.40%
"Los Angeles, CA metro area",Jan-20,$635K,-2.30%,6.70%,"4,484",-21.10%,18.30%,"6,174",88.50%,-9.00%,"13,016",4.20%,-25.20%,58,5,-1,99.20%,-0.10%,0.70%
"Los Angeles, CA metro area",Feb-20,$639K,0.60%,6.10%,"4,347",-3.10%,12.50%,"6,529",5.70%,3.70%,"13,738",5.50%,-24.50%,48,-10,-11,99.60%,0.40%,0.80%
"Los Angeles, CA metro area",Mar-20,$660K,3.30%,5.60%,"5,117",17.70%,-4.20%,"6,090",-6.70%,-20.50%,"13,746",0.10%,-26.30%,41,-7,-10,100.20%,0.60%,1.20%
"Los Angeles, CA metro area",Apr-20,$650K,-1.50%,3.80%,"3,775",-26.20%,-36.80%,"4,323",-29.00%,-47.30%,"13,680",-0.50%,-29.10%,38,-3,-10,100.00%,-0.20%,0.70%
"Los Angeles, CA metro area",May-20,$635K,-2.30%,0.80%,"3,105",-17.70%,-52.70%,"6,311",46.00%,-27.20%,"14,981",9.50%,-24.40%,44,6,-1,99.30%,-0.70%,-0.30%
"Los Angeles, CA metro area",Jun-20,$655K,3.10%,2.70%,"4,576",47.40%,-27.00%,"7,174",13.70%,-8.90%,"15,604",4.20%,-22.20%,42,-2,-3,99.30%,0.00%,-0.30%
"Los Angeles, CA metro area",Jul-20,$700K,6.90%,7.70%,"6,172",34.90%,-4.70%,"8,420",17.40%,6.60%,"16,056",2.90%,-19.40%,42,0,-4,99.90%,0.60%,0.50%
"Los Angeles, CA metro area",Aug-20,$710K,1.40%,10.90%,"6,230",0.90%,-5.50%,"8,211",-2.50%,11.50%,"16,358",1.90%,-14.30%,40,-2,-7,100.20%,0.30%,0.80%
"Los Angeles, CA metro area",Sep-20,$730K,2.80%,13.90%,"6,638",6.50%,15.60%,"8,339",1.60%,16.70%,"16,562",1.20%,-12.40%,39,-1,-10,100.70%,0.50%,1.20%
"Los Angeles, CA metro area",Oct-20,$735K,0.70%,14.00%,"6,926",4.30%,11.70%,"8,513",2.10%,25.40%,"16,811",1.50%,-6.00%,37,-2,-12,101.00%,0.20%,1.60%
"Los Angeles, CA metro area",Nov-20,$720K,-2.00%,12.50%,"6,053",-12.60%,10.80%,"5,980",-29.80%,22.50%,"15,417",-8.30%,-3.40%,38,1,-10,101.00%,0.00%,1.40%
"Los Angeles, CA metro area",Dec-20,$730K,1.40%,12.30%,"7,063",16.70%,24.20%,"4,684",-21.70%,43.00%,"12,539",-18.70%,0.40%,40,2,-13,100.90%,-0.10%,1.70%
"Los Angeles, CA metro area",Jan-21,$722K,-1.10%,13.70%,"5,118",-27.50%,14.10%,"6,271",33.90%,1.60%,"12,421",-0.90%,-4.60%,43,3,-15,100.80%,-0.10%,1.60%
"Los Angeles, CA metro area",Feb-21,$745K,3.20%,16.60%,"4,971",-2.90%,14.40%,"6,883",9.80%,5.40%,"12,540",1.00%,-8.70%,41,-2,-7,101.10%,0.30%,1.50%
"Los Angeles, CA metro area",Mar-21,$775K,4.00%,17.40%,"7,024",41.30%,37.30%,"8,449",22.80%,38.70%,"12,652",0.90%,-8.00%,35,-6,-6,102.00%,1.00%,1.80%
"Los Angeles, CA metro area",Apr-21,$795K,2.60%,22.30%,"7,385",5.10%,95.60%,"8,301",-1.80%,92.00%,"12,912",2.10%,-5.60%,33,-2,-5,102.90%,0.90%,2.90%
"Los Angeles, CA metro area",May-21,$815K,2.50%,28.30%,"6,944",-6.00%,123.60%,"8,225",-0.90%,30.30%,"13,194",2.20%,-11.90%,31,-2,-13,103.40%,0.40%,4.10%
"Los Angeles, CA metro area",Jun-21,$830K,1.80%,26.70%,"7,663",10.40%,67.50%,"8,625",4.90%,20.20%,"13,404",1.60%,-14.10%,31,0,-11,103.70%,0.30%,4.40%
"Los Angeles, CA metro area",Jul-21,$825K,-0.60%,17.90%,"7,249",-5.40%,17.40%,"8,863",2.80%,5.30%,"14,176",5.80%,-11.70%,31,0,-11,103.50%,-0.20%,3.60%
"Los Angeles, CA metro area",Aug-21,$825K,0.00%,16.20%,"6,963",-3.90%,11.80%,"7,935",-10.50%,-3.40%,"14,023",-1.10%,-14.30%,32,1,-8,103.20%,-0.30%,3.00%
"Los Angeles, CA metro area",Sep-21,$821K,-0.50%,12.50%,"6,902",-0.90%,4.00%,"7,600",-4.20%,-8.90%,"13,590",-3.10%,-17.90%,34,2,-5,102.60%,-0.70%,1.90%
"Los Angeles, CA metro area",Oct-21,$810K,-1.30%,10.20%,"6,718",-2.70%,-3.00%,"7,167",-5.70%,-15.80%,"12,992",-4.40%,-22.70%,34,0,-3,102.50%,-0.10%,1.60%
"Los Angeles, CA metro area",Nov-21,$820K,1.20%,13.90%,"6,459",-3.90%,6.70%,"5,492",-23.40%,-8.20%,"11,210",-13.70%,-27.30%,34,0,-4,102.60%,0.00%,1.60%
"Los Angeles, CA metro area",Dec-21,$840K,2.40%,15.10%,"6,768",4.80%,-4.20%,"3,828",-30.30%,-18.30%,"8,465",-24.50%,-32.50%,36,2,-4,102.40%,-0.10%,1.50%
"Los Angeles, CA metro area",Jan-22,$825K,-1.80%,14.30%,"4,762",-29.60%,-7.00%,"5,807",51.70%,-7.40%,"8,838",4.40%,-28.80%,39,3,-4,102.30%,-0.10%,1.50%
"Los Angeles, CA metro area",Feb-22,$840K,1.80%,12.80%,"4,625",-2.90%,-7.00%,"6,572",13.20%,-4.50%,"9,576",8.40%,-23.60%,32,-7,-9,103.50%,1.20%,2.40%
"Los Angeles, CA metro area",Mar-22,$875K,4.20%,12.90%,"6,527",41.10%,-7.10%,"7,730",17.60%,-8.50%,"10,074",5.20%,-20.40%,28,-4,-7,104.80%,1.30%,2.80%
"Los Angeles, CA metro area",Apr-22,$900K,2.90%,13.20%,"6,269",-4.00%,-15.10%,"7,742",0.20%,-6.70%,"11,058",9.80%,-14.40%,27,-1,-6,105.30%,0.50%,2.40%
"Los Angeles, CA metro area",May-22,$900K,0.00%,10.40%,"5,906",-5.80%,-14.90%,"7,880",1.80%,-4.20%,"12,358",11.80%,-6.30%,27,0,-4,105.10%,-0.30%,1.70%
"Los Angeles, CA metro area",Jun-22,$890K,-1.10%,7.20%,"6,073",2.80%,-20.70%,"8,211",4.20%,-4.80%,"14,119",14.20%,5.30%,29,2,-2,103.70%,-1.30%,0.00%
"Los Angeles, CA metro area",Jul-22,$862K,-3.10%,4.50%,"4,897",-19.40%,-32.40%,"7,076",-13.80%,-20.20%,"15,266",8.10%,7.70%,34,5,3,102.00%,-1.80%,-1.60%
"Los Angeles, CA metro area",Aug-22,$845K,-2.00%,2.40%,"5,051",3.10%,-27.50%,"6,403",-9.50%,-19.30%,"15,155",-0.70%,8.10%,38,4,6,100.40%,-1.60%,-2.80%
"Los Angeles, CA metro area",Sep-22,$840K,-0.60%,2.30%,"4,789",-5.20%,-30.60%,"5,719",-10.70%,-24.80%,"14,967",-1.20%,10.10%,43,5,9,99.60%,-0.80%,-3.00%
"Los Angeles, CA metro area",Oct-22,$825K,-1.80%,1.90%,"4,101",-14.40%,-39.00%,"5,187",-9.30%,-27.60%,"14,627",-2.30%,12.60%,44,1,10,99.50%,-0.10%,-3.00%
"Los Angeles, CA metro area",Nov-22,$810K,-1.80%,-1.20%,"3,679",-10.30%,-43.00%,"3,927",-24.30%,-28.50%,"13,502",-7.70%,20.40%,47,3,13,98.90%,-0.60%,-3.70%
"Los Angeles, CA metro area",Dec-22,$799K,-1.40%,-4.90%,"3,578",-2.70%,-47.10%,"2,496",-36.40%,-34.80%,"11,047",-18.20%,30.50%,51,4,15,98.50%,-0.40%,-4.00%
"Los Angeles, CA metro area",Jan-23,$796K,-0.40%,-3.50%,"2,824",-21.10%,-40.70%,"4,098",64.20%,-29.40%,"10,937",-1.00%,23.70%,60,9,21,98.40%,-0.10%,-3.90%
"Los Angeles, CA metro area",Feb-23,$795K,-0.10%,-5.40%,"3,055",8.20%,-33.90%,"4,175",1.90%,-36.50%,"10,600",-3.10%,10.70%,57,-3,25,98.70%,0.40%,-4.80%
"Los Angeles, CA metro area",Mar-23,$820K,3.10%,-6.30%,"4,431",45.00%,-32.10%,"5,160",23.60%,-33.20%,"10,118",-4.50%,0.40%,44,-13,16,99.70%,1.00%,-5.10%
"Los Angeles, CA metro area",Apr-23,$830K,1.20%,-7.80%,"3,875",-12.50%,-38.20%,"4,870",-5.60%,-37.10%,"9,396",-7.10%,-15.00%,38,-6,11,100.50%,0.80%,-4.80%
"Philadelphia, PA metro area",Feb-19,$185K,-0.10%,5.70%,"1,360",-3.10%,0.70%,"2,362",6.50%,-5.80%,"6,029",4.20%,-7.80%,53,5,-14,96.00%,-0.50%,-0.20%
"Philadelphia, PA metro area",Mar-19,$199K,7.60%,1.50%,"1,801",32.40%,-6.20%,"3,110",31.70%,6.30%,"6,474",7.40%,4.80%,50,-3,-2,96.60%,0.60%,-0.10%
"Philadelphia, PA metro area",Apr-19,$210K,5.50%,2.90%,"2,141",18.90%,-2.50%,"3,380",8.70%,1.50%,"6,780",4.70%,7.70%,41,-9,6,97.30%,0.80%,-0.10%
"Philadelphia, PA metro area",May-19,$218K,3.80%,4.30%,"2,575",20.30%,-0.30%,"3,422",1.20%,2.20%,"7,134",5.20%,10.20%,37,-4,6,97.30%,0.00%,-0.20%
"Philadelphia, PA metro area",Jun-19,$236K,8.00%,9.50%,"2,523",-2.00%,-13.20%,"2,934",-14.30%,-2.60%,"7,174",0.60%,11.80%,38,1,9,97.70%,0.40%,-0.10%
"Philadelphia, PA metro area",Jul-19,$225K,-4.50%,8.20%,"2,437",-3.40%,-1.50%,"2,711",-7.60%,0.10%,"6,836",-4.70%,7.70%,39,1,10,97.40%,-0.30%,-0.20%
"Philadelphia, PA metro area",Aug-19,$222K,-1.30%,7.20%,"2,300",-5.60%,-6.50%,"2,555",-5.80%,-5.20%,"6,609",-3.30%,4.10%,39,0,8,97.00%,-0.40%,-0.50%
"Philadelphia, PA metro area",Sep-19,$200K,-9.90%,0.10%,"2,016",-12.30%,5.30%,"2,863",12.10%,8.40%,"6,925",4.80%,6.70%,38,-1,4,96.70%,-0.30%,-0.50%
"Philadelphia, PA metro area",Oct-19,$200K,0.00%,2.60%,"1,988",-1.40%,-3.00%,"2,778",-3.00%,0.90%,"6,989",0.90%,6.40%,38,0,6,96.90%,0.10%,0.00%
"Philadelphia, PA metro area",Nov-19,$216K,8.00%,10.80%,"1,882",-5.30%,-7.60%,"2,036",-26.70%,1.30%,"6,495",-7.10%,4.60%,41,3,6,96.70%,-0.20%,0.20%
"Philadelphia, PA metro area",Dec-19,$210K,-2.80%,11.10%,"2,100",11.60%,13.00%,"1,369",-32.80%,-0.70%,"5,496",-15.40%,-0.50%,43,2,5,96.20%,-0.50%,-0.20%
"Philadelphia, PA metro area",Jan-20,$209K,-0.60%,12.80%,"1,681",-20.00%,19.70%,"2,263",65.30%,2.00%,"5,494",0.00%,-5.00%,54,11,6,96.40%,0.20%,-0.10%
"Philadelphia, PA metro area",Feb-20,$215K,3.00%,16.30%,"1,578",-6.10%,16.00%,"2,559",13.10%,8.30%,"5,752",4.70%,-4.60%,58,4,5,96.30%,-0.10%,0.30%
"Philadelphia, PA metro area",Mar-20,$235K,9.30%,18.10%,"1,809",14.60%,0.40%,"2,497",-2.40%,-19.70%,"5,735",-0.30%,-11.40%,45,-13,-5,97.00%,0.70%,0.40%
"Philadelphia, PA metro area",Apr-20,$247K,4.90%,17.40%,"1,490",-17.60%,-30.40%,"1,009",-59.60%,-70.10%,"5,318",-7.30%,-21.60%,39,-6,-2,97.80%,0.80%,0.40%
"Philadelphia, PA metro area",May-20,$233K,-5.70%,6.70%,"1,107",-25.70%,-57.00%,"2,226",120.60%,-35.00%,"5,825",9.50%,-18.30%,42,3,5,96.80%,-1.00%,-0.50%
"Philadelphia, PA metro area",Jun-20,$250K,7.50%,6.20%,"1,554",40.40%,-38.40%,"3,121",40.20%,6.40%,"6,084",4.40%,-15.20%,46,4,8,97.40%,0.60%,-0.30%
"Philadelphia, PA metro area",Jul-20,$246K,-1.60%,9.30%,"2,523",62.40%,3.50%,"3,282",5.20%,21.10%,"6,093",0.10%,-10.90%,40,-6,1,98.00%,0.60%,0.60%
"Philadelphia, PA metro area",Aug-20,$245K,-0.40%,10.40%,"2,543",0.80%,10.60%,"3,143",-4.20%,23.00%,"6,138",0.70%,-7.10%,35,-5,-4,98.40%,0.40%,1.40%
"Philadelphia, PA metro area",Sep-20,$243K,-1.00%,21.30%,"2,508",-1.40%,24.40%,"3,170",0.90%,10.70%,"6,333",3.20%,-8.50%,33,-2,-5,98.10%,-0.30%,1.40%
"Philadelphia, PA metro area",Oct-20,$237K,-2.30%,18.50%,"2,555",1.90%,28.50%,"3,177",0.20%,14.40%,"6,352",0.30%,-9.10%,34,1,-4,98.30%,0.20%,1.40%
"Philadelphia, PA metro area",Nov-20,$245K,3.40%,13.40%,"2,292",-10.30%,21.80%,"2,334",-26.50%,14.60%,"5,991",-5.70%,-7.80%,33,-1,-8,98.50%,0.30%,1.80%
"Philadelphia, PA metro area",Dec-20,$240K,-2.00%,14.30%,"2,395",4.50%,14.00%,"1,681",-28.00%,22.80%,"5,053",-15.70%,-8.10%,35,2,-8,98.10%,-0.40%,1.90%
"Philadelphia, PA metro area",Jan-21,$235K,-2.10%,12.60%,"1,874",-21.80%,11.50%,"2,223",32.20%,-1.80%,"4,888",-3.30%,-11.00%,40,5,-14,97.80%,-0.30%,1.40%
"Philadelphia, PA metro area",Feb-21,$237K,0.80%,10.20%,"1,731",-7.60%,9.70%,"2,122",-4.50%,-17.10%,"4,681",-4.20%,-18.60%,42,2,-16,97.70%,-0.10%,1.40%
"Philadelphia, PA metro area",Mar-21,$259K,9.10%,10.00%,"2,265",30.80%,25.20%,"3,314",56.20%,32.70%,"4,908",4.80%,-14.40%,39,-3,-6,98.60%,0.80%,1.60%
"Philadelphia, PA metro area",Apr-21,$265K,2.50%,7.50%,"2,507",10.70%,68.30%,"3,616",9.10%,258.40%,"5,260",7.20%,-1.10%,32,-7,-7,99.10%,0.60%,1.30%
"Philadelphia, PA metro area",May-21,$268K,0.90%,15.10%,"2,529",0.90%,128.50%,"3,359",-7.10%,50.90%,"5,410",2.90%,-7.10%,27,-5,-15,99.80%,0.70%,3.00%
"Philadelphia, PA metro area",Jun-21,$280K,4.70%,12.00%,"3,134",23.90%,101.70%,"3,438",2.40%,10.20%,"5,643",4.30%,-7.20%,25,-2,-21,100.00%,0.20%,2.70%
"Philadelphia, PA metro area",Jul-21,$275K,-1.80%,11.80%,"2,741",-12.50%,8.60%,"3,250",-5.50%,-1.00%,"6,140",8.80%,0.80%,26,1,-14,100.20%,0.20%,2.20%
"Philadelphia, PA metro area",Aug-21,$270K,-1.80%,10.20%,"2,562",-6.50%,0.70%,"2,995",-7.80%,-4.70%,"6,135",-0.10%,0.00%,28,2,-7,99.70%,-0.50%,1.40%
"Philadelphia, PA metro area",Sep-21,$260K,-3.70%,7.20%,"2,415",-5.70%,-3.70%,"3,074",2.60%,-3.00%,"6,473",5.50%,2.20%,33,5,0,99.10%,-0.60%,1.00%
"Philadelphia, PA metro area",Oct-21,$260K,0.00%,9.70%,"2,295",-5.00%,-10.20%,"2,929",-4.70%,-7.80%,"6,378",-1.50%,0.40%,37,4,3,98.60%,-0.50%,0.30%
"Philadelphia, PA metro area",Nov-21,$265K,1.90%,8.20%,"2,389",4.10%,4.20%,"2,357",-19.50%,1.00%,"5,850",-8.30%,-2.40%,37,0,4,98.70%,0.10%,0.20%
"Philadelphia, PA metro area",Dec-21,$256K,-3.40%,6.70%,"2,513",5.20%,4.90%,"1,667",-29.30%,-0.80%,"4,922",-15.90%,-2.60%,40,3,5,98.60%,-0.10%,0.50%
"Philadelphia, PA metro area",Jan-22,$250K,-2.30%,6.40%,"2,057",-18.10%,9.80%,"2,083",25.00%,-6.30%,"4,592",-6.70%,-6.10%,46,6,6,98.20%,-0.40%,0.30%
"Philadelphia, PA metro area",Feb-22,$250K,0.00%,5.50%,"1,805",-12.30%,4.30%,"2,538",21.80%,19.60%,"4,658",1.40%,-0.50%,49,3,7,98.20%,0.00%,0.50%
"Philadelphia, PA metro area",Mar-22,$265K,6.00%,2.50%,"2,466",36.60%,8.90%,"3,352",32.10%,1.10%,"4,963",6.50%,1.10%,35,-14,-4,99.00%,0.80%,0.40%
"Philadelphia, PA metro area",Apr-22,$275K,3.80%,3.80%,"2,361",-4.30%,-5.80%,"3,381",0.90%,-6.50%,"5,453",9.90%,3.70%,29,-6,-3,99.70%,0.70%,0.60%
"Philadelphia, PA metro area",May-22,$288K,4.50%,7.50%,"2,536",7.40%,0.30%,"3,176",-6.10%,-5.40%,"5,711",4.70%,5.60%,26,-3,-1,100.30%,0.60%,0.50%
"Philadelphia, PA metro area",Jun-22,$297K,3.30%,6.10%,"2,759",8.80%,-12.00%,"3,416",7.60%,-0.60%,"6,286",10.10%,11.40%,27,1,2,100.20%,-0.10%,0.20%
"Philadelphia, PA metro area",Jul-22,$280K,-5.70%,1.80%,"2,202",-20.20%,-19.70%,"2,761",-19.20%,-15.00%,"6,524",3.80%,6.30%,30,3,4,99.70%,-0.50%,-0.50%
"Philadelphia, PA metro area",Aug-22,$275K,-1.80%,1.90%,"2,217",0.70%,-13.50%,"2,554",-7.50%,-14.70%,"6,447",-1.20%,5.10%,32,2,4,98.80%,-0.90%,-1.00%
"Philadelphia, PA metro area",Sep-22,$259K,-5.70%,-0.30%,"1,956",-11.80%,-19.00%,"2,621",2.60%,-14.70%,"6,639",3.00%,2.60%,40,8,7,97.90%,-0.90%,-1.20%
"Philadelphia, PA metro area",Oct-22,$256K,-1.20%,-1.40%,"1,739",-11.10%,-24.20%,"2,368",-9.70%,-19.20%,"6,627",-0.20%,3.90%,37,-3,0,97.80%,-0.10%,-0.80%
"Philadelphia, PA metro area",Nov-22,$260K,1.50%,-1.90%,"1,604",-7.80%,-32.90%,"1,808",-23.60%,-23.30%,"6,221",-6.10%,6.30%,39,2,2,97.50%,-0.30%,-1.20%
"Philadelphia, PA metro area",Dec-22,$258K,-1.00%,0.60%,"1,516",-5.50%,-39.70%,"1,337",-26.10%,-19.80%,"5,475",-12.00%,11.20%,46,7,6,97.10%,-0.40%,-1.50%
"Philadelphia, PA metro area",Jan-23,$240K,-6.80%,-4.00%,"1,260",-16.90%,-38.70%,"1,874",40.20%,-10.00%,"5,396",-1.40%,17.50%,53,7,7,96.10%,-0.90%,-2.00%
"Philadelphia, PA metro area",Feb-23,$235K,-2.10%,-6.00%,"1,284",1.90%,-28.90%,"1,902",1.50%,-25.10%,"5,351",-0.80%,14.90%,59,6,10,96.50%,0.40%,-1.70%
"Philadelphia, PA metro area",Mar-23,$260K,10.60%,-1.90%,"1,761",37.10%,-28.60%,"2,658",39.70%,-20.70%,"5,483",2.50%,10.50%,47,-12,12,97.40%,0.80%,-1.60%
"Philadelphia, PA metro area",Apr-23,$263K,1.20%,-4.40%,"1,673",-5.00%,-29.10%,"2,545",-4.30%,-24.70%,"5,610",2.30%,2.90%,41,-6,12,97.90%,0.60%,-1.80%
"Seattle, WA metro area",Feb-19,$540K,4.30%,2.90%,"2,889",23.50%,-1.50%,"3,072",-6.00%,-14.00%,"5,270",-0.20%,106.50%,40,-8,32,99.10%,0.70%,-4.30%
"Seattle, WA metro area",Mar-19,$555K,2.80%,0.70%,"3,362",16.40%,-13.20%,"5,399",75.70%,1.60%,"5,861",11.20%,86.80%,19,-21,12,99.80%,0.60%,-4.20%
"Seattle, WA metro area",Apr-19,$569K,2.50%,-1.00%,"4,237",26.00%,-1.00%,"5,732",6.20%,4.00%,"6,348",8.30%,61.70%,10,-9,3,100.40%,0.60%,-4.10%
"Seattle, WA metro area",May-19,$585K,2.80%,0.90%,"4,939",16.60%,0.30%,"7,094",23.80%,0.30%,"7,897",24.40%,47.90%,9,-1,2,100.40%,0.00%,-3.60%
"Seattle, WA metro area",Jun-19,$575K,-1.70%,-0.90%,"4,861",-1.60%,-5.70%,"5,576",-21.40%,-13.80%,"8,102",2.60%,22.10%,11,2,4,100.30%,-0.10%,-2.40%
"Seattle, WA metro area",Jul-19,$559K,-2.80%,-2.00%,"4,852",-0.20%,0.50%,"4,925",-11.70%,-12.70%,"7,847",-3.10%,5.00%,14,3,5,99.90%,-0.40%,-1.40%
"Seattle, WA metro area",Aug-19,$553K,-1.10%,0.50%,"4,652",-4.10%,1.40%,"4,496",-8.70%,-16.30%,"7,604",-3.10%,-9.30%,18,4,6,99.60%,-0.30%,-0.70%
"Seattle, WA metro area",Sep-19,$535K,-3.20%,-0.90%,"3,875",-16.70%,9.10%,"4,512",0.40%,-12.20%,"7,507",-1.30%,-19.00%,21,3,4,99.50%,-0.10%,-0.10%
"Seattle, WA metro area",Oct-19,$555K,3.70%,0.90%,"4,158",7.30%,7.70%,"3,806",-15.60%,-5.20%,"6,577",-12.40%,-23.70%,19,-2,-2,99.50%,0.00%,0.30%
"Seattle, WA metro area",Nov-19,$550K,-0.90%,0.90%,"3,624",-12.80%,5.30%,"2,363",-37.90%,-13.10%,"4,882",-25.80%,-33.00%,24,5,-4,99.40%,-0.10%,0.50%
"Seattle, WA metro area",Dec-19,$569K,3.40%,7.30%,"3,758",3.70%,18.20%,"1,619",-31.50%,19.80%,"3,484",-28.60%,-37.00%,31,7,-9,99.30%,-0.10%,0.70%
"Seattle, WA metro area",Jan-20,$550K,-3.30%,6.30%,"2,511",-33.20%,7.30%,"3,218",98.80%,-1.50%,"3,288",-5.60%,-37.70%,38,7,-10,99.40%,0.10%,1.00%
"Seattle, WA metro area",Feb-20,$575K,4.50%,6.40%,"3,008",19.80%,4.10%,"4,012",24.70%,30.60%,"3,437",4.50%,-34.80%,16,-22,-24,100.60%,1.20%,1.50%
"Seattle, WA metro area",Mar-20,$590K,2.70%,6.30%,"3,810",26.70%,13.30%,"5,202",29.70%,-3.60%,"4,474",30.20%,-23.70%,7,-9,-12,101.70%,1.10%,2.00%
"Seattle, WA metro area",Apr-20,$600K,1.70%,5.40%,"3,062",-19.60%,-27.70%,"3,758",-27.80%,-34.40%,"4,886",9.20%,-23.00%,6,-1,-4,101.50%,-0.30%,1.10%
"Seattle, WA metro area",May-20,$580K,-3.30%,-0.90%,"3,076",0.50%,-37.70%,"4,796",27.60%,-32.40%,"4,977",1.90%,-37.00%,10,4,1,100.40%,-1.10%,0.00%
"Seattle, WA metro area",Jun-20,$610K,5.20%,6.10%,"4,455",44.80%,-8.40%,"5,324",11.00%,-4.50%,"4,862",-2.30%,-40.00%,9,-1,-2,100.80%,0.40%,0.50%
"Seattle, WA metro area",Jul-20,$618K,1.30%,10.60%,"5,089",14.20%,4.90%,"6,119",14.90%,24.20%,"5,216",7.30%,-33.50%,8,-1,-6,101.20%,0.40%,1.30%
"Seattle, WA metro area",Aug-20,$628K,1.60%,13.60%,"5,052",-0.70%,8.60%,"6,037",-1.30%,34.30%,"5,246",0.60%,-31.00%,7,-1,-11,101.40%,0.20%,1.80%
"Seattle, WA metro area",Sep-20,$635K,1.20%,18.70%,"5,388",6.70%,39.00%,"5,733",-5.00%,27.10%,"5,021",-4.30%,-33.10%,7,0,-14,101.60%,0.20%,2.10%
"Seattle, WA metro area",Oct-20,$631K,-0.60%,13.80%,"5,657",5.00%,36.10%,"5,237",-8.70%,37.60%,"4,777",-4.90%,-27.40%,7,0,-12,101.70%,0.10%,2.20%
"Seattle, WA metro area",Nov-20,$628K,-0.50%,14.20%,"4,525",-20.00%,24.90%,"3,026",-42.20%,28.10%,"3,478",-27.20%,-28.80%,7,0,-17,101.60%,0.00%,2.30%
"Seattle, WA metro area",Dec-20,$620K,-1.30%,9.00%,"4,487",-0.80%,19.40%,"2,533",-16.30%,56.50%,"2,488",-28.50%,-28.60%,9,2,-22,101.60%,-0.10%,2.30%
"Seattle, WA metro area",Jan-21,$621K,0.10%,12.80%,"2,929",-34.70%,16.60%,"3,436",35.60%,6.80%,"2,334",-6.20%,-29.00%,10,1,-28,101.80%,0.30%,2.40%
"Seattle, WA metro area",Feb-21,$651K,4.90%,13.30%,"3,180",8.60%,5.70%,"3,830",11.50%,-4.50%,"2,274",-2.60%,-33.80%,6,-4,-10,104.10%,2.30%,3.50%
"Seattle, WA metro area",Mar-21,$699K,7.40%,18.50%,"4,520",42.10%,18.60%,"5,565",45.30%,7.00%,"2,247",-1.20%,-49.80%,6,0,-1,106.40%,2.20%,4.60%
"Seattle, WA metro area",Apr-21,$715K,2.30%,19.20%,"5,043",11.60%,64.70%,"6,295",13.10%,67.50%,"3,002",33.60%,-38.60%,5,-1,-1,107.50%,1.10%,6.00%
"Seattle, WA metro area",May-21,$738K,3.10%,27.20%,"5,267",4.40%,71.20%,"5,888",-6.50%,22.80%,"2,767",-7.80%,-44.40%,5,0,-5,107.60%,0.10%,7.20%
"Seattle, WA metro area",Jun-21,$740K,0.30%,21.30%,"6,140",16.60%,37.80%,"6,562",11.40%,23.30%,"3,158",14.10%,-35.00%,6,1,-3,107.10%,-0.50%,6.30%
"Seattle, WA metro area",Jul-21,$745K,0.70%,20.50%,"5,754",-6.30%,13.10%,"6,101",-7.00%,-0.30%,"3,836",21.50%,-26.50%,6,0,-2,105.80%,-1.20%,4.60%
"Seattle, WA metro area",Aug-21,$725K,-2.70%,15.50%,"5,492",-4.60%,8.70%,"5,368",-12.00%,-11.10%,"3,389",-11.70%,-35.40%,6,0,-1,104.50%,-1.30%,3.10%
"Seattle, WA metro area",Sep-21,$710K,-2.10%,11.80%,"5,384",-2.00%,-0.10%,"5,441",1.40%,-5.10%,"3,447",1.70%,-31.30%,7,1,0,103.70%,-0.80%,2.10%
"Seattle, WA metro area",Oct-21,$725K,2.10%,14.80%,"4,992",-7.30%,-11.80%,"4,236",-22.10%,-19.10%,"2,668",-22.60%,-44.10%,7,0,0,103.70%,0.00%,2.10%
"Seattle, WA metro area",Nov-21,$715K,-1.40%,13.90%,"4,579",-8.30%,1.20%,"2,920",-31.10%,-3.50%,"1,635",-38.70%,-53.00%,6,-1,-1,104.10%,0.30%,2.40%
"Seattle, WA metro area",Dec-21,$728K,1.90%,17.50%,"3,874",-15.40%,-13.70%,"2,021",-30.80%,-20.20%,"1,097",-32.90%,-55.90%,7,1,-2,104.30%,0.20%,2.70%
"Seattle, WA metro area",Jan-22,$710K,-2.50%,14.40%,"2,302",-40.60%,-21.40%,"2,848",40.90%,-17.10%,"1,156",5.40%,-50.50%,6,-1,-4,105.00%,0.70%,3.20%
"Seattle, WA metro area",Feb-22,$750K,5.60%,15.20%,"2,719",18.10%,-14.50%,"3,972",39.50%,3.70%,"1,477",27.80%,-35.00%,5,-1,-1,108.70%,3.70%,4.50%
"Seattle, WA metro area",Mar-22,$820K,9.30%,17.30%,"4,456",63.90%,-1.40%,"5,738",44.50%,3.10%,"2,183",47.80%,-2.80%,5,0,-1,110.60%,2.00%,4.30%
"Seattle, WA metro area",Apr-22,$850K,3.70%,18.80%,"4,579",2.80%,-9.20%,"5,734",-0.10%,-8.90%,"3,184",45.90%,6.10%,5,0,0,109.80%,-0.80%,2.40%
"Seattle, WA metro area",May-22,$850K,0.00%,15.20%,"4,858",6.10%,-7.80%,"6,074",5.90%,3.20%,"4,117",29.30%,48.80%,5,0,0,107.00%,-2.80%,-0.60%
"Seattle, WA metro area",Jun-22,$815K,-4.10%,10.10%,"4,633",-4.60%,-24.50%,"6,305",3.80%,-3.90%,"6,109",48.40%,93.40%,6,1,0,102.90%,-4.10%,-4.10%
"Seattle, WA metro area",Jul-22,$790K,-3.10%,6.00%,"3,598",-22.30%,-37.50%,"5,025",-20.30%,-17.60%,"6,779",11.00%,76.70%,9,3,3,100.30%,-2.70%,-5.60%
"Seattle, WA metro area",Aug-22,$775K,-1.90%,6.90%,"3,821",6.20%,-30.40%,"4,038",-19.60%,-24.80%,"6,217",-8.30%,83.40%,15,6,9,98.90%,-1.30%,-5.60%
"Seattle, WA metro area",Sep-22,$760K,-1.90%,7.00%,"3,643",-4.70%,-32.30%,"4,046",0.20%,-25.60%,"6,443",3.60%,86.90%,21,6,14,98.80%,-0.20%,-5.00%
"Seattle, WA metro area",Oct-22,$763K,0.40%,5.20%,"3,011",-17.30%,-39.70%,"2,868",-29.10%,-32.30%,"5,841",-9.30%,118.90%,21,0,14,98.50%,-0.20%,-5.20%
"Seattle, WA metro area",Nov-22,$731K,-4.20%,2.20%,"2,526",-16.10%,-44.80%,"1,903",-33.60%,-34.80%,"4,743",-18.80%,190.10%,25,4,19,98.00%,-0.50%,-6.00%
"Seattle, WA metro area",Dec-22,$705K,-3.60%,-3.20%,"2,180",-13.70%,-43.70%,"1,064",-44.10%,-47.40%,"3,515",-25.90%,220.40%,32,7,25,97.80%,-0.20%,-6.40%
"Seattle, WA metro area",Jan-23,$719K,1.90%,1.20%,"1,537",-29.50%,-33.20%,"2,061",93.70%,-27.60%,"2,990",-14.90%,158.70%,43,11,37,98.00%,0.10%,-7.00%
"Seattle, WA metro area",Feb-23,$710K,-1.20%,-5.30%,"2,194",42.70%,-19.30%,"2,320",12.60%,-41.60%,"2,629",-12.10%,78.00%,32,-11,27,99.20%,1.30%,-9.40%
"Seattle, WA metro area",Mar-23,$742K,4.40%,-9.60%,"2,864",30.50%,-35.70%,"3,605",55.40%,-37.20%,"3,119",18.60%,42.90%,13,-19,8,100.10%,0.80%,-10.60%
"Seattle, WA metro area",Apr-23,$770K,3.80%,-9.40%,"2,683",-6.30%,-41.40%,"3,235",-10.30%,-43.60%,"3,093",-0.80%,-2.90%,7,-6,2,100.90%,0.90%,-8.90%
"Washington, DC metro area",Feb-19,$387K,0.50%,3.70%,"4,153",1.80%,-5.00%,"6,003",21.80%,-10.90%,"11,473",4.40%,4.20%,48,-12,5,99.10%,0.30%,0.10%
"Washington, DC metro area",Mar-19,$405K,4.70%,3.60%,"5,794",39.50%,-2.40%,"8,822",47.00%,-7.50%,"12,720",10.90%,4.90%,33,-15,12,99.50%,0.40%,0.20%
"Washington, DC metro area",Apr-19,$420K,3.70%,3.70%,"6,758",16.60%,1.00%,"9,710",10.10%,-6.00%,"13,997",10.00%,2.70%,24,-9,11,99.80%,0.30%,0.20%
"Washington, DC metro area",May-19,$423K,0.60%,3.00%,"8,007",18.50%,2.50%,"9,852",1.50%,-4.00%,"15,181",8.50%,2.80%,23,-1,9,99.80%,0.00%,0.20%
"Washington, DC metro area",Jun-19,$427K,1.10%,2.20%,"7,682",-4.10%,-7.10%,"7,971",-19.10%,-9.40%,"15,240",0.40%,1.90%,26,3,11,99.70%,-0.10%,0.00%
"Washington, DC metro area",Jul-19,$420K,-1.60%,5.00%,"7,480",-2.60%,0.10%,"7,222",-9.40%,-5.20%,"14,399",-5.50%,-1.40%,28,2,9,99.60%,-0.10%,0.30%
"Washington, DC metro area",Aug-19,$415K,-1.20%,4.00%,"6,907",-7.70%,-2.20%,"6,817",-5.60%,-5.90%,"14,017",-2.70%,-5.40%,33,5,9,99.50%,-0.20%,0.30%
"Washington, DC metro area",Sep-19,$400K,-3.60%,4.60%,"5,853",-15.30%,11.60%,"7,054",3.50%,1.30%,"14,429",2.90%,-12.40%,35,2,7,99.20%,-0.20%,0.10%
"Washington, DC metro area",Oct-19,$410K,2.50%,5.20%,"6,097",4.20%,3.80%,"6,393",-9.40%,-1.90%,"13,853",-4.00%,-14.60%,34,-1,-9,99.40%,0.10%,0.20%
"Washington, DC metro area",Nov-19,$415K,1.20%,6.40%,"5,133",-15.80%,-6.70%,"4,445",-30.50%,-3.90%,"12,144",-12.30%,-12.70%,37,3,-11,99.40%,0.00%,0.50%
"Washington, DC metro area",Dec-19,$418K,0.70%,4.80%,"5,605",9.20%,8.30%,"3,017",-32.10%,-0.30%,"9,685",-20.20%,-14.50%,42,5,-8,99.20%,-0.20%,0.30%
"Washington, DC metro area",Jan-20,$399K,-4.50%,3.60%,"4,105",-26.80%,0.60%,"5,349",77.30%,8.50%,"9,757",0.70%,-11.20%,52,10,-8,98.90%,-0.30%,0.10%
"Washington, DC metro area",Feb-20,$417K,4.60%,7.80%,"4,526",10.30%,9.00%,"6,567",22.80%,9.40%,"10,203",4.60%,-11.10%,38,-14,-10,99.50%,0.60%,0.40%
"Washington, DC metro area",Mar-20,$438K,5.00%,8.10%,"6,141",35.70%,6.00%,"8,497",29.40%,-3.70%,"11,452",12.20%,-10.00%,27,-11,-6,100.10%,0.60%,0.60%
"Washington, DC metro area",Apr-20,$447K,2.20%,6.50%,"5,668",-7.70%,-16.10%,"6,205",-27.00%,-36.10%,"11,756",2.70%,-16.00%,23,-4,-1,100.10%,0.00%,0.30%
"Washington, DC metro area",May-20,$440K,-1.70%,4.10%,"5,510",-2.80%,-31.20%,"6,774",9.20%,-31.20%,"11,615",-1.20%,-23.50%,30,7,7,99.70%,-0.40%,-0.10%
"Washington, DC metro area",Jun-20,$440K,0.00%,3.00%,"7,207",30.80%,-6.20%,"7,668",13.20%,-3.80%,"10,942",-5.80%,-28.20%,32,2,6,99.90%,0.20%,0.10%
"Washington, DC metro area",Jul-20,$470K,6.80%,11.90%,"8,100",12.40%,8.30%,"8,738",14.00%,21.00%,"11,060",1.10%,-23.20%,29,-3,1,100.20%,0.30%,0.60%
"Washington, DC metro area",Aug-20,$464K,-1.40%,11.70%,"7,792",-3.80%,12.80%,"8,042",-8.00%,18.00%,"10,595",-4.20%,-24.40%,26,-3,-7,100.50%,0.30%,1.00%
"Washington, DC metro area",Sep-20,$456K,-1.60%,14.00%,"7,669",-1.60%,31.00%,"8,478",5.40%,20.20%,"10,957",3.40%,-24.10%,26,0,-9,100.40%,-0.10%,1.20%
"Washington, DC metro area",Oct-20,$460K,0.90%,12.20%,"7,782",1.50%,27.60%,"8,752",3.20%,36.90%,"11,328",3.40%,-18.20%,25,-1,-9,100.50%,0.10%,1.10%
"Washington, DC metro area",Nov-20,$450K,-2.20%,8.40%,"6,760",-13.10%,31.70%,"5,734",-34.50%,29.00%,"10,099",-10.80%,-16.80%,26,1,-11,100.40%,-0.10%,1.10%
"Washington, DC metro area",Dec-20,$450K,0.00%,7.70%,"7,169",6.10%,27.90%,"4,426",-22.80%,46.70%,"7,955",-21.20%,-17.90%,30,4,-12,100.20%,-0.20%,1.00%
"Washington, DC metro area",Jan-21,$441K,-2.00%,10.50%,"4,824",-32.70%,17.50%,"5,670",28.10%,6.00%,"7,700",-3.20%,-21.10%,34,4,-18,100.30%,0.10%,1.40%
"Washington, DC metro area",Feb-21,$450K,2.10%,7.80%,"5,243",8.70%,15.80%,"6,066",7.00%,-7.60%,"7,511",-2.50%,-26.40%,28,-6,-10,100.80%,0.50%,1.30%
"Washington, DC metro area",Mar-21,$479K,6.50%,9.40%,"6,963",32.80%,13.40%,"9,094",49.90%,7.00%,"7,837",4.30%,-31.60%,19,-9,-8,101.70%,0.90%,1.60%
"Washington, DC metro area",Apr-21,$505K,5.40%,12.90%,"8,224",18.10%,45.10%,"10,519",15.70%,69.50%,"9,344",19.20%,-20.50%,13,-6,-10,102.30%,0.60%,2.20%
"Washington, DC metro area",May-21,$514K,1.80%,16.80%,"8,496",3.30%,54.20%,"9,972",-5.20%,47.20%,"9,754",4.40%,-16.00%,10,-3,-20,102.80%,0.50%,3.10%
"Washington, DC metro area",Jun-21,$520K,1.20%,18.20%,"9,573",12.70%,32.80%,"10,295",3.20%,34.30%,"10,795",10.70%,-1.30%,12,2,-20,102.50%,-0.30%,2.60%
"Washington, DC metro area",Jul-21,$508K,-2.40%,8.00%,"8,524",-11.00%,5.20%,"9,896",-3.90%,13.30%,"12,328",14.20%,11.50%,17,5,-12,101.70%,-0.80%,1.50%
"Washington, DC metro area",Aug-21,$490K,-3.40%,5.70%,"8,104",-4.90%,4.00%,"8,012",-19.00%,-0.40%,"11,936",-3.20%,12.70%,24,7,-2,100.90%,-0.70%,0.50%
"Washington, DC metro area",Sep-21,$480K,-2.00%,5.30%,"7,170",-11.50%,-6.50%,"8,571",7.00%,1.10%,"12,609",5.60%,15.10%,29,5,3,100.50%,-0.40%,0.10%
"Washington, DC metro area",Oct-21,$495K,3.10%,7.60%,"7,100",-1.00%,-8.80%,"7,201",-16.00%,-17.70%,"11,736",-6.90%,3.60%,30,1,5,100.30%,-0.20%,-0.10%
"Washington, DC metro area",Nov-21,$495K,0.00%,10.00%,"7,119",0.30%,5.30%,"5,151",-28.50%,-10.20%,"9,511",-19.00%,-5.80%,33,3,7,100.30%,-0.10%,-0.10%
"Washington, DC metro area",Dec-21,$488K,-1.50%,8.40%,"6,832",-4.00%,-4.70%,"3,760",-27.00%,-15.00%,"7,010",-26.30%,-11.90%,35,2,5,100.30%,0.00%,0.00%
"Washington, DC metro area",Jan-22,$474K,-2.90%,7.40%,"4,393",-35.70%,-8.90%,"4,504",19.80%,-20.60%,"6,265",-10.60%,-18.60%,38,3,4,100.20%,0.00%,-0.10%
"Washington, DC metro area",Feb-22,$496K,4.80%,10.20%,"4,812",9.50%,-8.20%,"6,112",35.70%,0.80%,"6,401",2.20%,-14.80%,28,-10,0,101.50%,1.30%,0.70%
"Washington, DC metro area",Mar-22,$525K,5.80%,9.60%,"6,654",38.30%,-4.40%,"8,567",40.20%,-5.80%,"7,418",15.90%,-5.30%,15,-13,-4,102.60%,1.10%,0.90%
"Washington, DC metro area",Apr-22,$550K,4.80%,8.90%,"6,941",4.30%,-15.60%,"9,184",7.20%,-12.70%,"8,853",19.30%,-5.30%,11,-4,-2,103.10%,0.50%,0.80%
"Washington, DC metro area",May-22,$555K,0.90%,8.00%,"7,589",9.30%,-10.70%,"8,705",-5.20%,-12.70%,"9,861",11.40%,1.10%,12,1,2,102.80%,-0.30%,0.00%
"Washington, DC metro area",Jun-22,$550K,-0.90%,5.80%,"7,300",-3.80%,-23.70%,"8,573",-1.50%,-16.70%,"11,278",14.40%,4.50%,18,6,6,101.60%,-1.20%,-0.90%
"Washington, DC metro area",Jul-22,$530K,-3.60%,4.40%,"6,027",-17.40%,-29.30%,"7,066",-17.60%,-28.60%,"11,952",6.00%,-3.00%,26,8,9,100.50%,-1.10%,-1.20%
"Washington, DC metro area",Aug-22,$520K,-1.90%,6.10%,"5,911",-1.90%,-27.10%,"5,666",-19.80%,-29.30%,"11,184",-6.40%,-6.30%,32,6,8,99.70%,-0.80%,-1.30%
"Washington, DC metro area",Sep-22,$500K,-3.80%,4.20%,"5,229",-11.50%,-27.10%,"6,463",14.10%,-24.60%,"11,822",5.70%,-6.20%,36,4,7,99.50%,-0.10%,-1.00%
"Washington, DC metro area",Oct-22,$518K,3.60%,4.60%,"4,642",-11.20%,-34.60%,"4,997",-22.70%,-30.60%,"11,564",-2.20%,-1.50%,36,0,6,99.50%,0.00%,-0.80%
"Washington, DC metro area",Nov-22,$500K,-3.50%,1.00%,"4,052",-12.70%,-43.10%,"3,610",-27.80%,-29.90%,"10,258",-11.30%,7.90%,42,6,9,99.20%,-0.40%,-1.10%
"Washington, DC metro area",Dec-22,$490K,-2.00%,0.50%,"3,885",-4.10%,-43.10%,"2,318",-35.80%,-38.40%,"8,146",-20.60%,16.20%,46,4,11,98.90%,-0.30%,-1.40%
"Washington, DC metro area",Jan-23,$475K,-3.10%,0.30%,"2,880",-25.90%,-34.40%,"3,654",57.60%,-18.90%,"7,687",-5.60%,22.70%,59,13,21,98.70%,-0.20%,-1.50%
"Washington, DC metro area",Feb-23,$505K,6.30%,1.80%,"3,548",23.20%,-26.30%,"4,003",9.60%,-34.50%,"7,210",-6.20%,12.60%,46,-13,18,99.60%,0.90%,-1.90%
"Washington, DC metro area",Mar-23,$520K,3.00%,-1.00%,"4,621",30.20%,-30.60%,"6,313",57.70%,-26.30%,"7,957",10.40%,7.30%,32,-14,17,100.20%,0.60%,-2.40%
"Washington, DC metro area",Apr-23,$545K,4.80%,-0.90%,"4,567",-1.20%,-34.20%,"5,846",-7.40%,-36.30%,"8,070",1.40%,-8.80%,27,-5,16,100.90%,0.70%,-2.30%
